code,name,industry
1301,極洋,水産・農林業
1332,日水,水産・農林業
1333,マルハニチロ,水産・農林業
1352,ホウスイ,卸売業
1376,カネコ種苗,水産・農林業
1377,サカタのタネ,水産・農林業
1379,ホクト,水産・農林業
1384,ホクリヨウ,水産・農林業
1414,ショーボンド,建設業
1417,ミライトＨＤ,建設業
1419,タマホーム,建設業
1420,サンヨーＨ,建設業
1430,ファーストコーポ,建設業
1435,インベスターズＣ,建設業
1514,住石ＨＤ,鉱業
1515,日鉄鉱,鉱業
1518,三井松島,鉱業
1605,国際帝石,鉱業
1606,海洋掘削,鉱業
1662,石油資源,鉱業
1663,Ｋ＆Ｏエナジー,鉱業
1712,ダイセキＳ,建設業
1719,安藤ハザマ,建設業
1720,東急建設,建設業
1721,コムシスＨＤ,建設業
1722,ＭＩＳＡＷＡ,建設業
1726,Ｂｒ．ＨＤ,建設業
1762,高松Ｇ,建設業
1766,東建コーポ,建設業
1768,ソネック,建設業
1780,ヤマウラ,建設業
1801,大成建,建設業
1802,大林組,建設業
1803,清水建,建設業
1805,飛島建,建設業
1808,長谷工,建設業
1810,松井建,建設業
1811,銭高組,建設業
1812,鹿島,建設業
1813,不動テトラ,建設業
1814,大末建,建設業
1815,鉄建建設,建設業
1820,西松建,建設業
1821,三住建設,建設業
1822,大豊建,建設業
1824,前田建,建設業
1826,佐田建,建設業
1827,ナカノフドー,建設業
1833,奥村組,建設業
1835,東鉄工,建設業
1847,イチケン,建設業
1852,浅沼組,建設業
1860,戸田建,建設業
1861,熊谷組,建設業
1865,青木あす,建設業
1866,北野建,建設業
1867,植木組,建設業
1868,三井ホーム,建設業
1870,矢作建,建設業
1871,ＰＳ三菱,建設業
1873,日本ハウスＨＤ,建設業
1878,大東建,建設業
1879,新日本建,建設業
1881,ＮＩＰＰＯ,建設業
1882,東亜道,建設業
1883,前田道,建設業
1884,日道路,建設業
1885,東亜建,建設業
1888,若築建,建設業
1890,東洋建,建設業
1893,五洋建,建設業
1896,大林道,建設業
1898,世紀東急,建設業
1899,福田組,建設業
1909,日本ドライケミカル,機械
1911,住友林,建設業
1914,日基礎,建設業
1916,日成ビルド,建設業
1919,ヤマダＳＸＬ,建設業
1921,巴,建設業
1924,パナホーム,建設業
1925,大和ハウス,建設業
1926,ライト工,建設業
1928,積水ハウス,建設業
1929,日特建,建設業
1930,北陸電工,建設業
1934,ユアテック,建設業
1937,西部電工,建設業
1939,四電工,建設業
1941,中電工,建設業
1942,関電工,建設業
1944,きんでん,建設業
1945,東京エネシス,建設業
1946,トーエネック,建設業
1949,住友電設,建設業
1950,日本電設,建設業
1951,協エクシオ,建設業
1952,新日空調,建設業
1954,日工営,サービス業
1956,ＮＤＳ,建設業
1959,九電工,建設業
1961,三機工,建設業
1963,日揮,建設業
1964,中外炉,建設業
1967,ヤマト,建設業
1968,太平電,建設業
1969,高砂熱,建設業
1972,三晃金,建設業
1973,ＮＥＳＩＣ,情報・通信業
1975,朝日工,建設業
1976,明星工業,建設業
1979,大気社,建設業
1980,ダイダン,建設業
1982,日比谷設,建設業
1983,東芝プラ,建設業
2001,日粉,食料品
2002,日清粉Ｇ,食料品
2003,日東富士,食料品
2004,昭和産,食料品
2009,鳥越粉,食料品
2053,中部飼料,食料品
2060,フィード・ワン,食料品
2107,洋糖,食料品
2108,甜菜糖,食料品
2109,三井製糖,食料品
2112,塩水糖,食料品
2117,日新製糖,食料品
2120,ＬＩＦＵＬＬ,サービス業
2124,ＪＡＣ,サービス業
2127,日本Ｍ＆Ａ,サービス業
2130,メンバーズ,サービス業
2139,中広,サービス業
2151,タケエイ,サービス業
2154,トラスト・テック,サービス業
2157,コシダカＨＤ,サービス業
2168,パソナ,サービス業
2169,ＣＤＳ,サービス業
2170,ＬＩＮＫ＆Ｍ,サービス業
2174,ＧＣＡ,サービス業
2175,ＳＭＳ,サービス業
2181,テンプＨＤ,サービス業
2183,リニカル,サービス業
2193,ＣＯＯＫＰＡＤ,サービス業
2196,エスクリ,サービス業
2198,アイ・ケイ・ケイ,サービス業
2201,森永菓,食料品
2204,中村屋,食料品
2206,グリコ,食料品
2207,名糖産,食料品
2211,不二家,食料品
2212,山崎パン,食料品
2215,第一パン,食料品
2217,モロゾフ,食料品
2220,亀田菓,食料品
2222,寿スピリッツ,食料品
2229,カルビー,食料品
2264,森永乳,食料品
2266,六甲バター,食料品
2267,ヤクルト,食料品
2269,明治ＨＤ,食料品
2270,雪印メグ,食料品
2281,プリマハム,食料品
2282,日ハム,食料品
2286,林兼産,食料品
2288,丸大食,食料品
2292,Ｓ　ＦＯＯＤＳ,食料品
2296,伊藤ハム米久ＨＤ,食料品
2301,学情,サービス業
2305,スタジオアリス,サービス業
2309,シミックＨＤ,サービス業
2317,システナ,情報・通信業
2325,ＮＪＳ,サービス業
2326,デジアーツ,情報・通信業
2327,ＮＳＳＯＬ,情報・通信業
2331,ＡＬＳＯＫ,サービス業
2335,キューブシステム,情報・通信業
2337,いちご,不動産業
2353,日駐,不動産業
2359,コア,情報・通信業
2371,カカクコム,サービス業
2372,アイロムＧ,サービス業
2374,セントケアＨＤ,サービス業
2376,サイネックス,サービス業
2378,ルネサンス,サービス業
2379,ディップ,サービス業
2384,ＳＢＳＨＤ,陸運業
2389,オプトホールディング,サービス業
2395,新日科学,サービス業
2398,ツクイ,サービス業
2410,キャリアＤＣ,サービス業
2413,エムスリー,サービス業
2418,ツカダグローバルＨＤ,サービス業
2424,ブラス,サービス業
2427,アウトソシング,サービス業
2428,ウェルネット,サービス業
2429,ワールドＨＤ,サービス業
2432,ディーエヌエー,サービス業
2433,博報堂ＤＹ,サービス業
2440,ぐるなび,サービス業
2445,ＳＲＧタカミヤ,サービス業
2453,ＪＢＲ,サービス業
2461,ファンコミ,サービス業
2462,ライク,サービス業
2464,ＢＢＴ,サービス業
2475,ＷＤＢ,サービス業
2485,ティア,サービス業
2487,ＣＤＧ,サービス業
2491,Ｖコマース,サービス業
2492,インフォマート,サービス業
2501,サッポロＨＤ,食料品
2502,アサヒ,食料品
2503,キリンＨＤ,食料品
2531,宝ＨＬＤ,食料品
2533,オエノンＨＤ,食料品
2540,養命酒,食料品
2579,コカ・コーラＢＪＩ,食料品
2587,サントリーＢＦ,食料品
2590,ＤｙＤｏ,食料品
2593,伊藤園,食料品
2594,キーコーヒー,食料品
2597,ユニカフェ,食料品
2599,ジャパンＦ,食料品
2602,日清オイリオ,食料品
2607,不二製油Ｇ,食料品
2612,かどや製油,食料品
2613,Ｊオイル,食料品
2651,ローソン,小売業
2659,サンエー,小売業
2664,カワチ薬品,小売業
2670,ＡＢＣマート,小売業
2674,ハードオフ,小売業
2676,高千穂交,卸売業
2678,アスクル,小売業
2681,ゲオＨＤ,小売業
2685,アダストリア,小売業
2686,ジーフット,小売業
2687,ＣＶＳベイ,小売業
2692,伊藤忠食,卸売業
2695,くら,小売業
2698,キャンドゥ,小売業
2715,エレマテック,卸売業
2726,パルグループＨＤ,小売業
2729,ＪＡＬＵＸ,卸売業
2730,エディオン,小売業
2733,あらた,卸売業
2734,サーラ,小売業
2735,ワッツ,小売業
2737,トーメンデバ,卸売業
2742,ハローズ,小売業
2749,ＪＰＨＤ,サービス業
2753,あみやき,小売業
2760,東エレデバ,卸売業
2764,ひらまつ,小売業
2767,フィールズ,卸売業
2768,双日,卸売業
2772,ゲンキー,小売業
2784,アルフレッサＨＤ,卸売業
2791,大黒天,小売業
2792,ハニーズＨＬＤ,小売業
2796,ファーマライズＨＤ,小売業
2801,キッコマン,食料品
2802,味の素,食料品
2809,キユーピー,食料品
2810,ハウス食Ｇ,食料品
2811,カゴメ,食料品
2812,焼津水,食料品
2815,アリアケ,食料品
2818,ピエトロ,食料品
2819,エバラ食品工業,食料品
2871,ニチレイ,食料品
2874,ヨコレイ,卸売業
2875,東洋水産,食料品
2882,イートアンド,食料品
2883,大冷,食料品
2884,ヨシムラ・Ｆ・ＨＤ,食料品
2897,日清食ＨＤ,食料品
2899,永谷園ＨＤ,食料品
2904,一正蒲鉾,食料品
2908,フジッコ,食料品
2910,ロックフィルド,食料品
2914,ＪＴ,食料品
2915,ケンコーマヨ,食料品
2918,わらべや,食料品
2922,なとり,食料品
2924,イフジ産業,食料品
2930,北の達人,食料品
2931,ユーグレナ,食料品
3001,片倉,繊維製品
3002,グンゼ,繊維製品
3003,ヒューリック,不動産業
3004,神栄,卸売業
3022,山下医,卸売業
3023,ラサ商事,卸売業
3028,アルペン,小売業
3031,ラクーン,卸売業
3034,クオール,小売業
3036,アルコニックス,卸売業
3038,神戸物産,卸売業
3046,ＪＩＮＳ,小売業
3048,ビックカメラ,小売業
3050,ＤＣＭ,小売業
3064,ＭＲＯ,小売業
3067,東京一番フーズ,小売業
3073,ダイヤモンドＤ,小売業
3076,あいＨＤ,卸売業
3079,ＤＶｘ,卸売業
3082,きちり,小売業
3085,ＡＬサービスＨＤ,小売業
3086,Ｊフロント,小売業
3087,ドトル日レス,小売業
3088,マツモトキヨシ,小売業
3091,ブロンコＢ,小売業
3092,スタートトゥ,小売業
3093,トレファク,小売業
3097,物語コーポ,小売業
3098,ココカラファイン,小売業
3099,ミツコシイセタン,小売業
3101,東洋紡,繊維製品
3103,ユニチカ,繊維製品
3104,富士紡ＨＤ,繊維製品
3105,日清紡ＨＤ,電気機器
3106,クラボウ,繊維製品
3107,ダイワボＨＤ,卸売業
3109,シキボウ,繊維製品
3110,日東紡,ガラス・土石製品
3116,トヨタ紡織,輸送用機器
3132,マクニカ富士エレＨＤ,卸売業
3134,Ｈａｍｅｅ,小売業
3141,ウエルシアＨＤ,小売業
3148,クリエイトＳＤＨ,小売業
3151,バイタルＫＳＫ,卸売業
3153,八洲電機,卸売業
3154,メディアスＨＤ,卸売業
3156,ＵＫＣＨＤ,卸売業
3159,丸善ＣＨＩ,小売業
3160,大光,卸売業
3166,ＯＣＨＩ・ＨＤ,卸売業
3167,ＴＯＫＡＩ　ＨＤ,卸売業
3169,ミサワ,小売業
3172,ティーライフ,小売業
3173,大阪工機,卸売業
3175,ＡＰカンパニー,小売業
3176,三洋貿易,卸売業
3178,チムニー,小売業
3179,シュッピン,小売業
3180,ビューティガレージ,卸売業
3183,ウイン・パートナーズ,卸売業
3186,ネクステージ,小売業
3191,ジョイフル本田,小売業
3193,鳥貴族,小売業
3194,キリン堂ＨＤ,小売業
3196,ホットランド,小売業
3197,すかいらーく,小売業
3199,綿半ホールディングス,小売業
3201,ニッケ,繊維製品
3202,ダイトウボウ,繊維製品
3204,トーア紡,繊維製品
3205,ダイドー,繊維製品
3221,ヨシックス,小売業
3222,Ｕ．Ｓ．Ｍ．Ｈ,小売業
3228,三栄建築,不動産業
3231,野村不ＨＤ,不動産業
3232,三重交通ＧＨＤ,不動産業
3244,サムティ,不動産業
3245,ディア・ライフ,不動産業
3250,ＡＤワークス,不動産業
3252,日本商業開発,不動産業
3254,プレサンス,不動産業
3258,ユニゾＨＤ,不動産業
3271,グロバル社,不動産業
3276,日本管理,不動産業
3277,サンセイランディック,不動産業
3280,エストラスト,不動産業
3284,フージャース,不動産業
3288,オープンハウス,不動産業
3289,東急不ＨＤ,不動産業
3291,飯田ＧＨＤ,不動産業
3299,ムゲンエステート,不動産業
3302,帝繊維,繊維製品
3313,ブックオフ,小売業
3315,日本コークス,石油・石炭製品
3319,ＧＤＯ,小売業
3321,ミタチ,卸売業
3328,ＢＥＥＮＯＳ,小売業
3333,あさひ,小売業
3341,日本調剤,小売業
3349,コスモス薬品,小売業
3360,シップＨＤ,卸売業
3361,トーエル,小売業
3366,一六堂,小売業
3371,ソフトクリエＨＤ,情報・通信業
3376,オンリー,小売業
3382,７＆ｉＨＤ,小売業
3385,薬王堂,小売業
3387,クリレスＨＤ,小売業
3388,明治電機,卸売業
3391,ツルハＨＤ,小売業
3392,デリカフーズ,卸売業
3393,スターティア,卸売業
3395,サンマルクＨＤ,小売業
3396,フェリシモ,小売業
3397,トリドールＨＤ,小売業
3401,帝人,繊維製品
3402,東レ,繊維製品
3405,クラレ,化学
3407,旭化成,化学
3408,サカイオーベ,繊維製品
3415,トウキョウベース,小売業
3421,稲葉製作,金属製品
3431,宮地エンジ,金属製品
3433,トーカロ,金属製品
3434,アルファＣｏ,金属製品
3436,ＳＵＭＣＯ,金属製品
3443,川田ＴＥＣＨ,金属製品
3445,ＲＳＴＥＣＨ,金属製品
3454,ファーストブラザーズ,不動産業
3457,ハウスドゥ,不動産業
3458,シーアールイー,不動産業
3465,ケイアイスター不動産,不動産業
3501,住江織物,繊維製品
3512,日フエルト,繊維製品
3513,イチカワ,繊維製品
3521,エコナックＨＤ,不動産業
3524,日東網,繊維製品
3526,芦森工,輸送用機器
3529,アツギ,繊維製品
3543,コメダ,卸売業
3544,サツドラＨＤ,小売業
3546,ダイユーリックＨＤ,小売業
3548,バロック,小売業
3549,クスリのアオキＨＤ,小売業
3551,ダイニック,繊維製品
3553,共和レザー,化学
3563,スシローＧＨＤ,小売業
3564,ＬＩＸＩＬビバ,小売業
3569,セーレン,繊維製品
3571,ソトー,繊維製品
3577,東海染工,繊維製品
3580,小松精練,繊維製品
3591,ワコールＨＤ,繊維製品
3593,ホギメディ,繊維製品
3606,レナウン,繊維製品
3607,クラウディア,繊維製品
3608,ＴＳＩ　ＨＤ,繊維製品
3626,ＴＩＳ,情報・通信業
3627,ネオス,情報・通信業
3630,電算システム,情報・通信業
3632,グリー,情報・通信業
3635,コーエーテクモ,情報・通信業
3636,三菱総研,情報・通信業
3639,ボルテージ,情報・通信業
3640,電算,情報・通信業
3648,ＡＧＳ,情報・通信業
3649,ファインデックス,情報・通信業
3654,ヒトコム,情報・通信業
3655,ブレインパッド,情報・通信業
3656,ＫＬａｂ,情報・通信業
3657,ポールＨＤ,情報・通信業
3658,イーブック,情報・通信業
3659,ネクソン,情報・通信業
3660,アイスタイル,情報・通信業
3661,エムアップ,情報・通信業
3662,エイチーム,情報・通信業
3666,テクノスジャパン,情報・通信業
3667,ｅｎｉｓｈ,情報・通信業
3668,コロプラ,情報・通信業
3669,モバクリ,情報・通信業
3672,オルトプラス,情報・通信業
3673,ブロドリーフ,情報・通信業
3676,ＨＵＧ,情報・通信業
3678,メディアドゥ,情報・通信業
3681,ブイキューブ,情報・通信業
3683,サイバーリンクス,情報・通信業
3686,ＤＬＥ,情報・通信業
3687,フィックスターズ,情報・通信業
3688,ＶＯＹＡＧＥ,情報・通信業
3694,オプティム,情報・通信業
3696,セレス,情報・通信業
3708,特種東海,パルプ・紙
3724,ベリサーブ,情報・通信業
3738,ティーガイア,情報・通信業
3751,ＪＡＧ,情報・通信業
3756,豆蔵ＨＤ,情報・通信業
3762,テクマト,情報・通信業
3765,ガンホー,情報・通信業
3769,ＧＭＯＰＧ,情報・通信業
3770,ザッパラス,情報・通信業
3771,システムリサーチ,情報・通信業
3774,ＩＩＪ,情報・通信業
3778,さくらインターネット,情報・通信業
3788,ＧＭＯクラウド,情報・通信業
3817,ＳＲＡＨＤ,情報・通信業
3822,Ｍｉｎｏｒｉ,情報・通信業
3826,ＳＩ,情報・通信業
3834,朝日ネット,情報・通信業
3837,アドソル日進,情報・通信業
3843,フリービット,情報・通信業
3844,コムチュア,情報・通信業
3852,サイバーコム,情報・通信業
3861,王子ＨＤ,パルプ・紙
3863,日本紙,パルプ・紙
3864,三菱紙,パルプ・紙
3865,北越紀州,パルプ・紙
3877,中越パル,パルプ・紙
3878,巴川紙,パルプ・紙
3880,大王紙,パルプ・紙
3896,阿波製紙,パルプ・紙
3902,ＭＤＶ,情報・通信業
3903,ｇｕｍｉ,情報・通信業
3909,ショーケースＴＶ,情報・通信業
3916,ＤＩＴ,情報・通信業
3918,ＰＣＩＨＤ,情報・通信業
3919,パイプドＨＤ,情報・通信業
3920,アイビーシー,情報・通信業
3926,オープンドア,情報・通信業
3938,ＬＩＮＥ,情報・通信業
3941,レンゴー,パルプ・紙
3946,トーモク,パルプ・紙
3950,ザ・パック,パルプ・紙
3964,オークネット,情報・通信業
3975,ＡＯＩ　ＴＹＯ　ＨＤ,情報・通信業
3978,マクロミル,情報・通信業
4004,昭電工,化学
4005,住友化,化学
4008,住友精化,化学
4021,日産化,化学
4022,ラサ工,化学
4023,クレハ,化学
4025,多木化学,化学
4027,テイカ,化学
4028,石原産,化学
4031,片倉コープアグリ,化学
4033,日東エフシー,化学
4041,日曹達,化学
4042,東ソー,化学
4043,トクヤマ,化学
4044,セ硝子,化学
4045,東亜合,化学
4046,大阪ソーダ,化学
4047,関電化,化学
4061,デンカ,化学
4062,イビデン,電気機器
4063,信越化,化学
4064,カーバイド,化学
4078,堺化学,化学
4088,エア・ウォーター,化学
4091,大陽日酸,化学
4092,日本化,化学
4095,日パーカライ,化学
4097,高圧ガス,化学
4098,チタン工,化学
4099,四国化,化学
4100,戸田工,化学
4109,ステラケミファ,化学
4112,保土谷化,化学
4114,日触媒,化学
4116,大日精化,化学
4118,カネカ,化学
4151,協和キリン,医薬品
4182,菱瓦斯化,化学
4183,三井化学,化学
4185,ＪＳＲ,化学
4186,東応化,化学
4187,大有機化,化学
4188,三菱ケミＨＤ,化学
4189,ＫＨネオケム,化学
4202,ダイセル,化学
4203,住友ベーク,化学
4204,積水化,化学
4205,日ゼオン,化学
4206,アイカ工,化学
4208,宇部興,化学
4212,積水樹脂,化学
4215,タキロンシーアイ,化学
4216,旭有機材,化学
4217,日立化成,化学
4218,ニチバン,化学
4220,リケンテクノス,化学
4221,大倉工,化学
4228,積水化成,化学
4229,群栄化,化学
4231,タイガーポリ,化学
4238,ミライアル,化学
4245,ダイキアクシス,化学
4246,ＤＮＣ,化学
4272,日化薬,化学
4275,カーリットＨＤ,化学
4282,ＥＰＳ,サービス業
4284,ソルクシーズ,情報・通信業
4286,レッグス,サービス業
4290,ＰＩ,サービス業
4295,フェイス,情報・通信業
4299,ハイマックス,情報・通信業
4301,アミューズ,サービス業
4307,ＮＲＩ,情報・通信業
4310,ＤＩ,サービス業
4312,サイバネット,情報・通信業
4318,クイック,サービス業
4319,ＴＡＣ,サービス業
4320,ＣＥＨＤ,情報・通信業
4321,ケネディクス,サービス業
4324,電通,サービス業
4326,インテージＨＤ,情報・通信業
4331,Ｔ＆Ｇニーズ,サービス業
4333,東邦システム,情報・通信業
4337,ぴあ,サービス業
4343,イオンファン,サービス業
4344,ソースネクスト,情報・通信業
4345,シーティーエス,サービス業
4346,ネクシィーズグループ,サービス業
4350,メディシス,小売業
4362,日本精化,化学
4368,扶桑化学,化学
4401,ＡＤＥＫＡ,化学
4403,日油,化学
4404,ミヨシ油脂,食料品
4406,新日本理化,化学
4410,ハリマ化成Ｇ,化学
4452,花王,化学
4461,第一工業,化学
4463,日華化学,化学
4465,ニイタカ,化学
4471,三洋化成,化学
4502,武田薬,医薬品
4503,アステラス薬,医薬品
4506,大日住薬,医薬品
4507,塩野義薬,医薬品
4508,田辺三菱,医薬品
4512,わかもと,医薬品
4514,あすか薬,医薬品
4516,日本新薬,医薬品
4517,ビオフェルミン,医薬品
4519,中外薬,医薬品
4521,科研薬,医薬品
4523,エーザイ,医薬品
4526,理研ビタミン,食料品
4527,ロート薬,医薬品
4528,小野薬,医薬品
4530,久光薬,医薬品
4531,有機薬,化学
4534,持田薬,医薬品
4536,参天薬,医薬品
4538,扶桑薬,医薬品
4539,日ケミファ,医薬品
4540,ツムラ,医薬品
4541,日医工,医薬品
4543,テルモ,精密機器
4544,みらかＨＤ,サービス業
4547,キッセイ薬,医薬品
4548,生化学,医薬品
4549,栄研化,医薬品
4550,日水薬,医薬品
4551,鳥居薬,医薬品
4552,ＪＣＲファーマ,医薬品
4553,東和薬品,医薬品
4554,富士製薬,医薬品
4555,沢井薬,医薬品
4559,ゼリア新薬,医薬品
4568,第一三共,医薬品
4569,キョーリンＨＤ,医薬品
4574,大幸薬品,医薬品
4577,ダイト,医薬品
4578,大塚ＨＤ,医薬品
4581,大正薬ＨＤ,医薬品
4587,ペプチドリーム,医薬品
4611,大日塗料,化学
4612,日ペイントＨＤ,化学
4613,関ペイント,化学
4615,神東塗料,化学
4617,中国塗料,化学
4619,日特塗料,化学
4620,藤倉化,化学
4626,太陽ＨＤ,化学
4631,ＤＩＣ,化学
4633,サカタインクス,化学
4634,洋インキＨＤ,化学
4636,Ｔ＆ＫＴＯＫＡ,化学
4641,アルプス技,サービス業
4651,サニックス,サービス業
4653,ダイオーズ,サービス業
4658,日本空調,サービス業
4661,ＯＬＣ,サービス業
4662,フォーカスシステムズ,情報・通信業
4665,ダスキン,サービス業
4666,パーク２４,不動産業
4668,明光ネット,サービス業
4671,ファルコＨＤ,サービス業
4674,クレスコ,情報・通信業
4676,フジＨＤ,情報・通信業
4678,秀英,サービス業
4679,田谷,サービス業
4680,ラウンドワン,サービス業
4681,リゾートトラ,サービス業
4684,オービック,情報・通信業
4686,ジャストシステム,情報・通信業
4687,ＴＤＣソフト,情報・通信業
4689,ヤフー,情報・通信業
4694,ＢＭＬ,サービス業
4696,ワタベ,サービス業
4704,トレンド,情報・通信業
4708,りらいあ,サービス業
4709,ＩＤ,情報・通信業
4714,リソー教育,サービス業
4716,日本オラクル,情報・通信業
4718,早稲アカ,サービス業
4719,アルファ,情報・通信業
4722,フューチャー,情報・通信業
4725,ＣＡＣＨＤ,情報・通信業
4726,ソフトバンテク,情報・通信業
4728,トーセ,情報・通信業
4732,ＵＳＳ,サービス業
4733,ＯＢＣ,情報・通信業
4739,ＣＴＣ,情報・通信業
4743,アイティフォー,情報・通信業
4745,東京個別,サービス業
4746,東計電算,情報・通信業
4751,サイバーエージェント,サービス業
4755,楽天,サービス業
4762,ＸＮＥＴ,情報・通信業
4763,Ｃ＆Ｒ社,サービス業
4767,ＴＯＷ,サービス業
4768,大塚商会,情報・通信業
4775,総合メディ,小売業
4776,ＣＹＢＯＺＵ,情報・通信業
4779,ソフトブレーン,情報・通信業
4801,セントラルＳＰ,サービス業
4809,パラカ,不動産業
4812,ＩＳＩＤ,情報・通信業
4819,デジタルガレージ,情報・通信業
4820,ＥＭシステムズ,情報・通信業
4825,ＷＮＩウェザー,情報・通信業
4826,ＣＩＪ,情報・通信業
4828,東洋ＢＥＮＧ,情報・通信業
4829,日本エンタープライズ,情報・通信業
4839,ＷＯＷＯＷ,情報・通信業
4845,スカラ,情報・通信業
4848,フルキャストＨＤ,サービス業
4901,富士フイルム,化学
4902,コニカミノルタ,電気機器
4911,資生堂,化学
4912,ライオン,化学
4914,高砂香料,化学
4917,マンダム,化学
4919,ミルボン,化学
4921,ファンケル,化学
4922,コーセー,化学
4923,ＣＯＴＡ,化学
4924,シーズＨＤ,化学
4926,シーボン,化学
4927,ポーラオルＨＤ,化学
4928,ノエビアＨＤ,化学
4929,アジュバン,化学
4951,エステー,化学
4955,アグロカネショウ,化学
4956,コニシ,化学
4958,長谷川香,化学
4963,星光ＰＭＣ,化学
4967,小林製薬,化学
4968,荒川化学,化学
4971,メック,化学
4973,高純度化,化学
4974,タカラバイオ,化学
4975,ＪＣＵ,化学
4977,ニッタゼラチン,化学
4979,ＯＡＴアグリオ,化学
4980,デクセリアルズ,化学
4985,アース製薬,化学
4992,北興化,化学
4994,大成ラミック,化学
4996,クミアイ化,化学
4997,日農薬,化学
5002,昭和シェル,石油・石炭製品
5009,富士興産,卸売業
5011,ニチレキ,石油・石炭製品
5013,ユシロ化,石油・石炭製品
5015,ＢＰカストロール,石油・石炭製品
5017,富士石油,石油・石炭製品
5018,ＭＯＲＥＳＣＯ,石油・石炭製品
5019,出光興産,石油・石炭製品
5020,ＪＸＴＧ,石油・石炭製品
5021,コスモエネルギーＨＤ,石油・石炭製品
5101,浜ゴム,ゴム製品
5105,洋ゴム,ゴム製品
5108,ブリヂス,ゴム製品
5110,住友ゴム,ゴム製品
5121,藤倉ゴム,ゴム製品
5122,オカモト,ゴム製品
5142,アキレス,化学
5185,フコク,ゴム製品
5186,ニッタ,ゴム製品
5187,クリエート,精密機器
5191,住友理工,ゴム製品
5192,三星ベルト,ゴム製品
5195,バンドー化,ゴム製品
5201,旭硝子,ガラス・土石製品
5202,板硝子,ガラス・土石製品
5204,石塚硝,ガラス・土石製品
5208,有沢製,化学
5210,日山村硝,ガラス・土石製品
5214,日電硝,ガラス・土石製品
5218,オハラ,ガラス・土石製品
5232,住友大阪,ガラス・土石製品
5233,太平洋セメ,ガラス・土石製品
5261,リソル,サービス業
5262,日ヒューム,ガラス・土石製品
5269,日コンクリ,ガラス・土石製品
5273,三谷セキサン,ガラス・土石製品
5288,アジアパイルＨＤ,ガラス・土石製品
5301,東海カーボ,ガラス・土石製品
5302,日カーボン,ガラス・土石製品
5310,東洋炭素,ガラス・土石製品
5331,ノリタケ,ガラス・土石製品
5332,ＴＯＴＯ,ガラス・土石製品
5333,日本ガイシ,ガラス・土石製品
5334,日特殊陶,ガラス・土石製品
5337,ダントーＨＤ,ガラス・土石製品
5344,ＭＡＲＵＷＡ,ガラス・土石製品
5351,品川リフラ,ガラス・土石製品
5352,黒崎播磨,ガラス・土石製品
5357,ヨータイ,ガラス・土石製品
5358,イソライト工業,ガラス・土石製品
5363,ＴＹＫ,ガラス・土石製品
5367,ニッカトー,ガラス・土石製品
5384,ＦＵＪＩＭＩ,ガラス・土石製品
5391,Ａ＆Ａマテリアル,ガラス・土石製品
5393,ニチアス,ガラス・土石製品
5401,新日鉄住金,鉄鋼
5406,神戸鋼,鉄鋼
5408,中山鋼,鉄鋼
5410,合同鉄,鉄鋼
5411,ＪＦＥ,鉄鋼
5413,日新製鋼,鉄鋼
5423,東製鉄,鉄鋼
5440,共英製鋼,鉄鋼
5444,大和工,鉄鋼
5445,東京鉄,鉄鋼
5449,大阪製鉄,鉄鋼
5451,淀川鋼,鉄鋼
5453,洋鋼鈑,鉄鋼
5463,丸一鋼管,鉄鋼
5464,モリ工業,鉄鋼
5471,大同特鋼,鉄鋼
5476,高周波,鉄鋼
5480,冶金工,鉄鋼
5481,山陽特鋼,鉄鋼
5482,愛知鋼,鉄鋼
5486,日立金,鉄鋼
5491,日本金属,鉄鋼
5541,大平洋金,鉄鋼
5563,新日本電工,鉄鋼
5602,栗本鉄,鉄鋼
5603,虹技,鉄鋼
5612,日鋳鉄管,鉄鋼
5631,日製鋼所,機械
5632,三菱製鋼,鉄鋼
5658,日亜鋼,鉄鋼
5659,日精線,鉄鋼
5702,大紀アルミ,非鉄金属
5703,日軽金ＨＤ,非鉄金属
5706,三井金,非鉄金属
5707,東邦鉛,非鉄金属
5711,三菱マ,非鉄金属
5713,住友鉱,非鉄金属
5714,ＤＯＷＡ,非鉄金属
5715,古河機金,非鉄金属
5721,エス・サイエンス,非鉄金属
5726,大阪チタ,非鉄金属
5727,邦チタニウム,非鉄金属
5741,ＵＡＣＪ,非鉄金属
5801,古河電工,非鉄金属
5802,住友電工,非鉄金属
5803,フジクラ,非鉄金属
5805,昭電線ＨＤ,非鉄金属
5807,東特電線,非鉄金属
5809,タツタ線,非鉄金属
5815,沖電線,非鉄金属
5819,カナレ電気,非鉄金属
5821,平河ヒューテ,非鉄金属
5851,リョービ,非鉄金属
5852,アーレスティ,非鉄金属
5857,アサヒＨＤ,非鉄金属
5901,洋缶ＨＤ,金属製品
5902,ホッカンＨＤ,金属製品
5909,コロナ,金属製品
5911,横河ブＨＤ,金属製品
5912,ＯＳＪＢＨＤ,建設業
5915,駒井ハルテク,金属製品
5923,高田機工,金属製品
5929,三和ＨＤ,金属製品
5930,文化シヤター,金属製品
5932,三協立山,金属製品
5933,アルインコ,金属製品
5936,洋シヤター,金属製品
5938,ＬＩＸＩＬ　Ｇ,金属製品
5942,日フイルコン,金属製品
5943,ノーリツ,金属製品
5946,長府製,金属製品
5947,リンナイ,金属製品
5949,ユニプレス,輸送用機器
5951,ダイニチ工,金属製品
5957,日東精工,金属製品
5958,三洋工,金属製品
5959,岡部,金属製品
5970,ジーテクト,金属製品
5974,中国工,金属製品
5975,東プレ,金属製品
5976,ネツレン,金属製品
5981,東製綱,金属製品
5985,サンコール,金属製品
5986,モリテック,金属製品
5988,パイオラックス,金属製品
5989,エイチワン,金属製品
5991,ニッパツ,金属製品
5992,中央発条,金属製品
5998,アドバネクス,金属製品
6005,三浦工,機械
6013,タクマ,機械
6028,テクノプロＨＤ,サービス業
6029,アトラ,サービス業
6032,インターワークス,サービス業
6036,ＫｅｅＰｅｒ技研,サービス業
6037,ファーストロジック,サービス業
6044,三機サービス,サービス業
6048,デザインワン,サービス業
6050,Ｅガーディアン,サービス業
6054,リブセンス,サービス業
6055,Ｊマテリアル,サービス業
6058,ベクトル,サービス業
6059,ウチヤマＨＤ,サービス業
6065,サクセスＨＤ,サービス業
6070,キャリアリンク,サービス業
6071,ＩＢＪ,サービス業
6073,アサンテ,サービス業
6077,Ｎ・フィールド,サービス業
6078,バリューＨＲ,サービス業
6080,Ｍ＆Ａキャピタル,サービス業
6082,ライドオンＥＸ,サービス業
6083,ＥＲＩ　ＨＤ,サービス業
6087,アビスト,サービス業
6089,ウィルグループ,サービス業
6093,エスクローＡＪ,サービス業
6097,日本ビューホテル,サービス業
6098,リクルートＨＤ,サービス業
6099,エラン,サービス業
6101,ツガミ,機械
6103,オークマ,機械
6104,東芝機,機械
6113,アマダＨＤ,機械
6118,アイダ,機械
6121,滝澤鉄,機械
6134,富士機,機械
6135,牧野フライス,機械
6136,ＯＳＧ,機械
6138,ダイジェット,機械
6140,旭ダイヤ,機械
6141,ＤＭＧ森精機,機械
6143,ソディック,機械
6146,ディスコ,機械
6151,日東工器,機械
6165,パンチ,機械
6167,冨士ダイス,機械
6171,土木管理総合試験所,サービス業
6178,日本郵政,サービス業
6183,ベル２４ＨＤ,サービス業
6186,一蔵,サービス業
6187,ＬＩＴＡＬＩＣＯ,サービス業
6191,エボラブルアジア,サービス業
6197,ソラスト,サービス業
6201,豊田織,輸送用機器
6203,豊和工,機械
6205,ＯＫＫ,機械
6208,石川製,機械
6210,東洋機械,機械
6217,津田駒工,機械
6218,エンシュウ,機械
6222,島精機,機械
6236,ＮＣＨＤ,機械
6238,フリュー,機械
6240,ヤマシンフィルタ,機械
6247,日阪製作,機械
6250,やまびこ,機械
6262,ペガサス,機械
6268,ナブテスコ,機械
6269,三井海洋,機械
6272,レオン自機,機械
6273,ＳＭＣ,機械
6274,新川,機械
6277,ホソカワミクロン,機械
6278,ユニオンツール,機械
6282,オイレス工,機械
6284,ＡＳＢ機械,機械
6287,サトーＨＤ,機械
6291,エアーテック,機械
6293,日精樹脂,機械
6294,オカダアイヨン,機械
6298,ワイエイシイＨＤ,機械
6301,コマツ,機械
6302,住友重,機械
6305,日立建機,機械
6306,日工,機械
6309,巴工業,機械
6310,井関農,機械
6315,ＴＯＷＡ,機械
6316,丸山製,機械
6317,北川鉄,機械
6319,シンニッタン,鉄鋼
6323,ローツェ,機械
6325,タカキタ,機械
6326,クボタ,機械
6328,荏原実業,機械
6330,洋エンジ,建設業
6331,菱化工機,機械
6332,月島機,機械
6333,帝国電機,機械
6335,東京機,機械
6339,新東工,機械
6340,渋谷工,機械
6345,アイチ,機械
6349,小森,機械
6351,鶴見製,機械
6355,住友精密,機械
6358,酒井重,機械
6361,荏原製,機械
6362,石井鉄,機械
6363,酉島製,機械
6364,北越工,機械
6366,千代化建,建設業
6367,ダイキン工,機械
6368,オルガノ,機械
6369,トーヨーカネツ,機械
6370,栗田工,機械
6371,椿本チエイン,機械
6373,大同工,機械
6376,日機装,精密機器
6378,木村化工,機械
6379,新興プラン,建設業
6381,アネスト岩田,機械
6383,ダイフク,機械
6387,サムコ,機械
6390,加藤製,機械
6393,油研工,機械
6395,タダノ,機械
6406,フジテック,機械
6407,ＣＫＤ,機械
6409,キトー,機械
6412,平和,機械
6413,理想科学,機械
6417,ＳＡＮＫＹＯ,機械
6418,日金銭,機械
6419,マースエンジ,機械
6420,福島工業,機械
6428,オーイズミ,機械
6430,ダイコク電,機械
6432,竹内製作所,機械
6436,アマノ,機械
6440,ＪＵＫＩ,機械
6444,サンデンＨＤ,機械
6445,蛇の目,機械
6448,ブラザー,電気機器
6454,マックス,機械
6455,モリタＨＤ,輸送用機器
6457,グローリー,機械
6458,新晃工業,機械
6459,大和冷機,機械
6460,セガサミーＨＤ,機械
6461,日ピストン,機械
6462,リケン,機械
6463,ＴＰＲ,機械
6464,ツバキ・ナカシマ,機械
6465,ホシザキ,機械
6470,大豊工業,機械
6471,日本精工,機械
6472,ＮＴＮ,機械
6473,ジェイテクト,機械
6474,不二越,機械
6479,ミネベアミツミ,電気機器
6480,日トムソン,機械
6481,ＴＨＫ,機械
6482,ユーシン精機,機械
6485,前沢給装,機械
6486,イーグル工,機械
6489,前沢工,機械
6490,日ピラ工,機械
6498,キッツ,機械
6501,日立,電気機器
6502,東芝,電気機器
6503,三菱電,電気機器
6504,富士電機,電気機器
6505,東洋電,電気機器
6506,安川電,電気機器
6507,シンフォニア,電気機器
6508,明電舎,電気機器
6513,オリジン電,電気機器
6516,山洋電気,電気機器
6517,デンヨー,電気機器
6581,日立工機,機械
6584,三桜工,輸送用機器
6586,マキタ,機械
6588,東芝テック,電気機器
6590,芝浦,電気機器
6592,マブチモーター,電気機器
6594,日本電産,電気機器
6615,ＵＭＣエレ,電気機器
6617,東光高岳,電気機器
6619,ＷＳＣＯＰＥ,電気機器
6620,宮越ＨＤ,電気機器
6622,ダイヘン,電気機器
6624,田淵電機,電気機器
6630,ヤーマン,電気機器
6632,ＪＶＣＫＷ,電気機器
6638,Ｍｉｍａｋｉ,電気機器
6640,第一精工,電気機器
6641,日新電,電気機器
6644,大崎電,電気機器
6645,オムロン,電気機器
6651,日東工,電気機器
6652,ＩＤＥＣ,電気機器
6654,不二電機工業,電気機器
6674,ＧＳユアサ,電気機器
6675,サクサ,電気機器
6676,メルコ,電気機器
6678,テクノメディカ,電気機器
6701,ＮＥＣ,電気機器
6702,富士通,電気機器
6703,ＯＫＩ,電気機器
6704,岩崎通,電気機器
6706,電気興,電気機器
6707,サンケン電,電気機器
6715,ナカヨ,電気機器
6718,アイホン,電気機器
6723,ルネサス,電気機器
6724,エプソン,電気機器
6727,ワコム,電気機器
6728,アルバック,電気機器
6730,アクセル,電気機器
6737,ＥＩＺＯ,電気機器
6740,ＪＤＩ,電気機器
6741,日信号,電気機器
6742,京三製,電気機器
6744,能美防災,電気機器
6745,ホーチキ,電気機器
6750,エレコム,電気機器
6751,日無線,電気機器
6752,パナソニック,電気機器
6754,アンリツ,電気機器
6755,富士通ゼ,電気機器
6756,日立国際,電気機器
6758,ソニー,電気機器
6762,ＴＤＫ,電気機器
6763,帝通工,電気機器
6768,タムラ製,電気機器
6770,アルプス電,電気機器
6771,池上通,電気機器
6773,パイオニア,電気機器
6779,日電波,電気機器
6785,鈴木,電気機器
6788,日本トリム,電気機器
6789,ローランドＤＧ,電気機器
6791,コロムビア,情報・通信業
6794,フォスター電,電気機器
6796,クラリオン,電気機器
6798,ＳＭＫ,電気機器
6800,ヨコオ,電気機器
6803,ティアック,電気機器
6804,ホシデン,電気機器
6806,ヒロセ電,電気機器
6807,航空電子,電気機器
6809,ＴＯＡ,電気機器
6810,日立マクセル,電気機器
6814,古野電気,電気機器
6815,ユニデンＨＤ,電気機器
6816,アルパイン,電気機器
6817,スミダ,電気機器
6820,アイコム,電気機器
6823,リオン,電気機器
6826,本多通信,電気機器
6839,船井電機,電気機器
6841,横河電,電気機器
6844,新電元,電気機器
6845,アズビル,電気機器
6848,東亜ディーケーケー,電気機器
6849,日本光電,電気機器
6850,チノー,電気機器
6853,共和電,電気機器
6855,電子材料,電気機器
6856,堀場製,電気機器
6857,アドバンテス,電気機器
6858,小野測器,電気機器
6859,エスペック,電気機器
6861,キーエンス,電気機器
6866,日置電,電気機器
6869,シスメックス,電気機器
6871,日マイクロニクス,電気機器
6875,メガチップス,電気機器
6877,ＯＢＡＲＡ−Ｇ,電気機器
6879,イマジカロボットＨＤ,情報・通信業
6901,沢藤電,電気機器
6902,デンソー,輸送用機器
6905,コーセル,電気機器
6908,イリソ電子工業,電気機器
6911,新日無,電気機器
6914,オプテックスグループ,電気機器
6915,千代インテ,電気機器
6916,アイオーデータ,電気機器
6920,レーザーテック,電気機器
6923,スタンレー電,電気機器
6924,岩崎電,電気機器
6925,ウシオ電,電気機器
6926,ＯＫＡＹＡ,電気機器
6927,ヘリオステクノＨ,電気機器
6929,日セラミック,電気機器
6932,遠藤照明,電気機器
6937,古河電池,電気機器
6938,双信電機,電気機器
6941,山一電機,電気機器
6947,図研,電気機器
6951,日電子,電気機器
6952,カシオ計,電気機器
6954,ファナック,電気機器
6958,ＣＭＫ,電気機器
6961,エンプラス,電気機器
6962,大真空,電気機器
6963,ローム,電気機器
6965,浜松ホトニク,電気機器
6966,三井ハイテク,電気機器
6967,新光電工,電気機器
6971,京セラ,電気機器
6973,協栄産,卸売業
6976,太陽誘電,電気機器
6981,村田製,電気機器
6985,ユーシン,電気機器
6986,双葉電子,電気機器
6988,日東電,化学
6989,北電工業,電気機器
6995,東海理電,輸送用機器
6996,ニチコン,電気機器
6997,日ケミコン,電気機器
6999,ＫＯＡ,電気機器
7003,三井造,輸送用機器
7004,日立造,機械
7011,三菱重,機械
7012,川崎重,輸送用機器
7013,ＩＨＩ,機械
7014,名村造船,輸送用機器
7022,サノヤスＨＤ,輸送用機器
7102,日車輌,輸送用機器
7105,ニチユ三菱,輸送用機器
7122,近畿車輌,輸送用機器
7148,ＦＰＧ,証券、商品先物取引業
7150,島根銀行,銀行業
7161,じもとＨＤ,銀行業
7164,全国保証,その他金融業
7167,めぶきＦＧ,銀行業
7173,東京ＴＹＦＧ,銀行業
7180,九州ＦＧ,銀行業
7181,かんぽ生命保険,保険業
7182,ゆうちょ銀行,銀行業
7184,富山第一銀行,銀行業
7186,コンコルディアＦＧ,銀行業
7189,西日本ＦＨ,銀行業
7201,日産自,輸送用機器
7202,いすゞ自,輸送用機器
7203,トヨタ自,輸送用機器
7205,日野自,輸送用機器
7211,三菱自,輸送用機器
7212,エフテック,輸送用機器
7213,レシップＨＤ,輸送用機器
7214,ＧＭＢ,輸送用機器
7215,ファルテック,輸送用機器
7220,武蔵精密,輸送用機器
7222,日産車体,輸送用機器
7224,新明和工,輸送用機器
7226,極東開,輸送用機器
7230,日信工業,輸送用機器
7231,トピー工,輸送用機器
7236,ティラド,輸送用機器
7238,曙ブレーキ,輸送用機器
7239,タチエス,輸送用機器
7240,ＮＯＫ,輸送用機器
7241,フタバ産,輸送用機器
7242,ＫＹＢ,輸送用機器
7244,市光工,電気機器
7245,大同メタル,輸送用機器
7246,プレス工,輸送用機器
7247,ミクニ,輸送用機器
7250,太平洋工,輸送用機器
7251,ケーヒン,輸送用機器
7256,河西工,輸送用機器
7259,アイシン精機,輸送用機器
7260,富士機工,輸送用機器
7261,マツダ,輸送用機器
7266,今仙電機,輸送用機器
7267,ホンダ,輸送用機器
7269,スズキ,輸送用機器
7270,ＳＵＢＡＲＵ,輸送用機器
7271,安永,輸送用機器
7272,ヤマハ発,輸送用機器
7274,ショーワ,輸送用機器
7276,小糸製,電気機器
7277,ＴＢＫ,輸送用機器
7278,エクセディ,輸送用機器
7280,ミツバ,電気機器
7282,豊田合,輸送用機器
7283,愛三工,輸送用機器
7284,盟和産,輸送用機器
7294,ヨロズ,輸送用機器
7296,ＦＣＣ,輸送用機器
7305,新家工,鉄鋼
7309,シマノ,輸送用機器
7312,タカタ,輸送用機器
7313,ＴＳテック,輸送用機器
7408,ジャムコ,輸送用機器
7414,小野建,卸売業
7416,はるやまＨＤ,小売業
7419,ノジマ,小売業
7420,佐鳥電機,卸売業
7421,カッパ・クリエイト,小売業
7427,エコーＴＤ,卸売業
7433,伯東,卸売業
7438,コンドーテック,卸売業
7442,中山福,卸売業
7445,ライトオン,小売業
7447,ナガイレーベ,卸売業
7448,ジンズメイト,小売業
7451,三菱食品,卸売業
7453,良品計画,小売業
7455,三城ＨＤ,小売業
7456,松田産,卸売業
7458,第一興商,卸売業
7459,メディパル,卸売業
7463,アドヴァン,小売業
7466,ＳＰＫ,卸売業
7467,萩原電気,卸売業
7475,アルビス,小売業
7476,アズワン,卸売業
7480,スズデン,卸売業
7481,尾家産,卸売業
7482,シモジマ,卸売業
7483,ドウシシャ,卸売業
7487,小津産業,卸売業
7494,コナカ,小売業
7504,高速,卸売業
7506,ハウスローゼ,小売業
7508,ＧセブンＨＤ,小売業
7510,たけびし,卸売業
7512,イオン北海,小売業
7513,コジマ,小売業
7514,ヒマラヤ,小売業
7516,コーナン商,小売業
7517,黒田電,卸売業
7518,ネットワン,情報・通信業
7520,エコス,小売業
7522,ワタミ,小売業
7524,マルシェ,小売業
7525,リックス,卸売業
7527,システムソフト,情報・通信業
7532,ドンキホーテＨＤ,小売業
7537,丸文,卸売業
7545,西松屋チェ,小売業
7550,ゼンショーＨＤ,小売業
7552,ハピネット,卸売業
7554,幸楽苑ＨＤ,小売業
7561,ハークスレイ,小売業
7570,橋本総業ＨＤ,卸売業
7575,日本ライフライン,卸売業
7581,サイゼリヤ,小売業
7591,エクセル,卸売業
7593,ＶＴＨＤ,小売業
7594,マルカキカイ,卸売業
7595,アルゴグラフ,情報・通信業
7596,魚力,小売業
7599,ＩＤＯＭ,卸売業
7600,ＭＤＭ,卸売業
7601,ポプラ,小売業
7605,フジコーポレーション,小売業
7606,Ｕアローズ,小売業
7607,進和,卸売業
7608,ＳＫジャパン,卸売業
7609,ダイトロン,卸売業
7611,ハイデ日高,小売業
7613,シークス,卸売業
7615,京都友禅,小売業
7616,コロワイド,小売業
7618,ＰＣＤＥＰＯＴ,小売業
7619,田中商事,卸売業
7628,オーハシテクニカ,卸売業
7630,壱番屋,小売業
7637,白銅,卸売業
7640,トップカルチャ,小売業
7646,ＰＬＡＮＴ,小売業
7649,スギＨＤ,小売業
7701,島津製,精密機器
7702,ＪＭＳ,精密機器
7709,クボテック,精密機器
7715,長野計器,精密機器
7717,Ｖテク,精密機器
7718,スター精密,機械
7721,東京計器,精密機器
7723,愛知時,精密機器
7725,インターアクション,精密機器
7727,オーバル,精密機器
7729,東精密,精密機器
7730,マニー,精密機器
7731,ニコン,精密機器
7732,トプコン,精密機器
7733,オリンパス,精密機器
7734,理計器,精密機器
7735,スクリン,電気機器
7739,キヤノン電子,電気機器
7740,タムロン,精密機器
7741,ＨＯＹＡ,精密機器
7743,シード,精密機器
7744,ノーリツ鋼機,精密機器
7745,Ａ＆Ｄ,精密機器
7751,キヤノン,電気機器
7752,リコー,電気機器
7762,シチズン時計,精密機器
7769,リズム時,精密機器
7775,大研医器,精密機器
7780,メニコン,精密機器
7816,スノーピーク,その他製品
7817,パラベッド,その他製品
7818,トランザクション,その他製品
7819,ＳＨＯ−ＢＩ,その他製品
7820,ニホンフラッシュ,その他製品
7821,前田工繊,その他製品
7822,永大産業,その他製品
7823,アートネイチャー,その他製品
7825,ダンロップス,その他製品
7832,バンナムＨＤ,その他製品
7833,アイフィスジャパン,その他製品
7838,共立印刷,その他製品
7839,ＳＨＯＥＩ,その他製品
7840,フラベッドＨ,その他製品
7844,マーベラス,情報・通信業
7846,パイロット,その他製品
7856,萩原工業,その他製品
7860,エイベックス,情報・通信業
7862,トッパンフォー,その他製品
7864,フジシール,その他製品
7867,タカラトミー,その他製品
7868,広済堂,その他製品
7872,Ａｓ−ｍｅエステール,その他製品
7873,アーク,その他製品
7874,レック,化学
7885,タカノ,その他製品
7893,プロネクサス,その他製品
7897,ホクシン,その他製品
7898,ウッドワン,その他製品
7905,大建工,その他製品
7908,ＫＩＭＯＴＯ,化学
7911,凸版印,その他製品
7912,大日印,その他製品
7913,図書印,その他製品
7914,共同印,その他製品
7915,日写印,その他製品
7916,光村印,その他製品
7917,藤森工業,化学
7918,ヴィアＨＤ,小売業
7921,宝印刷,その他製品
7925,前沢化成,化学
7936,アシックス,その他製品
7937,ツツミ,その他製品
7942,ＪＳＰ,化学
7943,ニチハ,ガラス・土石製品
7947,エフピコ,化学
7949,小松ウオール,その他製品
7951,ヤマハ,その他製品
7952,河合楽器,その他製品
7955,クリナップ,その他製品
7956,ピジョン,その他製品
7958,天馬,化学
7961,兼松サステック,その他製品
7962,キングジム,その他製品
7966,リンテック,その他製品
7968,ＴＡＳＡＫＩ,その他製品
7970,信越ポリマ,化学
7971,東リ,化学
7972,イトーキ,その他製品
7974,任天堂,その他製品
7976,三菱鉛筆,その他製品
7979,松風,精密機器
7981,タカラスタン,その他製品
7984,コクヨ,その他製品
7987,ナカバヤシ,その他製品
7988,ニフコ,化学
7989,立川ブライ,金属製品
7990,グローブライド,その他製品
7994,岡村製,その他製品
7995,日バルカー,化学
7999,ＭＵＴＯＨ−ＨＤ,電気機器
8001,伊藤忠,卸売業
8002,丸紅,卸売業
8005,スクロール,小売業
8007,高島,卸売業
8008,４℃　ＨＤ,小売業
8011,三陽商,繊維製品
8012,長瀬産,卸売業
8013,ナイガイ,繊維製品
8014,蝶理,卸売業
8015,豊田通商,卸売業
8016,オンワードＨＤ,繊維製品
8018,三共生興,卸売業
8020,兼松,卸売業
8022,ミズノ,その他製品
8025,ツカモト,卸売業
8028,ユニー・ファミマ,小売業
8029,ルック,繊維製品
8031,三井物産,卸売業
8032,紙パル商,卸売業
8035,東エレク,電気機器
8036,日立ハイテク,卸売業
8037,カメイ,卸売業
8038,東都水,卸売業
8041,ＯＵＧ　ＨＤ,卸売業
8043,スターゼン,卸売業
8050,セイコーＨＤ,精密機器
8051,山善,卸売業
8052,椿本興,卸売業
8053,住友商,卸売業
8056,日ユニシス,情報・通信業
8057,内田洋行,卸売業
8058,三菱商事,卸売業
8059,第一実業,卸売業
8060,キヤノンＭＪ,卸売業
8061,西華産,卸売業
8065,佐藤商,卸売業
8068,菱洋エレク,卸売業
8070,東京産,卸売業
8074,ユアサ商,卸売業
8075,神鋼商,卸売業
8077,小林産業,卸売業
8078,阪和興,卸売業
8081,カナデン,卸売業
8084,菱電商,卸売業
8086,ニプロ,精密機器
8087,フルサト,卸売業
8088,岩谷産,卸売業
8089,すてきＮ,卸売業
8090,昭光通商,卸売業
8091,ニチモウ,卸売業
8093,極東貿易,卸売業
8095,イワキ,卸売業
8096,兼松エレク,情報・通信業
8097,三愛石,卸売業
8098,稲畑産,卸売業
8101,ＧＳＩクレオス,卸売業
8103,明和産,卸売業
8107,キムラタン,繊維製品
8111,ゴルドウイン,繊維製品
8113,ユニチャーム,化学
8114,デサント,繊維製品
8118,キング,繊維製品
8125,ワキタ,卸売業
8127,ヤマトインター,繊維製品
8129,東邦ＨＤ,卸売業
8130,サンゲツ,卸売業
8131,ミツウロコＧＨＤ,卸売業
8132,シナネンＨＤ,卸売業
8133,エネクス,卸売業
8136,サンリオ,卸売業
8137,サンワテクノス,卸売業
8140,リョーサン,卸売業
8141,新光商,卸売業
8142,トーホー,卸売業
8150,三信電気,卸売業
8151,東陽テクニカ,卸売業
8153,モスフード,卸売業
8154,加賀電子,卸売業
8155,三益半導,金属製品
8158,ソーダニッカ,卸売業
8159,立花エレ,卸売業
8160,木曽路,小売業
8163,サトＲＳ,小売業
8165,千趣会,小売業
8166,タカキュー,小売業
8168,ケーヨー,小売業
8173,上新電,小売業
8179,ロイヤルＨＤ,小売業
8181,東天紅,小売業
8182,いなげや,小売業
8184,島忠,小売業
8185,チヨダ,小売業
8194,ライフコーポ,小売業
8200,リンガーハット,小売業
8201,さが美,小売業
8203,ＭｒＭａｘ,小売業
8207,テンアライド,小売業
8214,ＡＯＫＩ　ＨＤ,小売業
8217,オークワ,小売業
8218,コメリ,小売業
8219,青山商,小売業
8227,しまむら,小売業
8230,はせがわ,小売業
8233,高島屋,小売業
8237,松屋,小売業
8242,Ｈ２Ｏリテイル,小売業
8244,近鉄百貨店,小売業
8251,パルコ,小売業
8252,丸井Ｇ,小売業
8253,クレセゾン,その他金融業
8255,アクシアル,小売業
8260,井筒屋,小売業
8267,イオン,小売業
8273,イズミ,小売業
8274,東武ストア,小売業
8275,フォーバル,卸売業
8276,平和堂,小売業
8278,フジ,小売業
8279,ヤオコー,小売業
8281,ゼビオＨＤ,小売業
8282,ケーズＨＤ,小売業
8283,ＰＡＬＴＡＣ,卸売業
8285,三谷産業,卸売業
8289,ＯｌｙｍｐｉｃＧ,小売業
8291,日産東ＨＤ,小売業
8303,新生銀,銀行業
8304,あおぞら,銀行業
8306,三菱ＵＦＪ,銀行業
8308,りそなＨＤ,銀行業
8309,三住トラスト,銀行業
8316,三井住友,銀行業
8324,第四銀,銀行業
8325,北越銀,銀行業
8331,千葉銀,銀行業
8334,群馬銀,銀行業
8336,武蔵野銀,銀行業
8337,千葉興銀,銀行業
8338,筑波銀行,銀行業
8341,七十七銀,銀行業
8342,青森銀,銀行業
8343,秋田銀,銀行業
8344,山形銀,銀行業
8345,岩手銀,銀行業
8346,東邦銀,銀行業
8349,東北銀,銀行業
8350,みち銀,銀行業
8354,ふくおか,銀行業
8355,静岡銀,銀行業
8356,十六銀,銀行業
8358,スルガ銀,銀行業
8359,八十二銀,銀行業
8360,山梨中銀,銀行業
8361,大垣銀,銀行業
8362,福井銀,銀行業
8363,北国銀,銀行業
8364,清水銀,銀行業
8365,富山銀行,銀行業
8366,滋賀銀,銀行業
8367,南都銀,銀行業
8368,百五銀,銀行業
8369,京都銀,銀行業
8370,紀陽銀行,銀行業
8374,三重銀,銀行業
8377,ほくほく,銀行業
8379,広島銀,銀行業
8381,山陰合銀,銀行業
8382,中国銀,銀行業
8383,鳥取銀,銀行業
8385,伊予銀,銀行業
8386,百十四銀,銀行業
8387,四国銀,銀行業
8388,阿波銀,銀行業
8392,大分銀,銀行業
8393,宮崎銀,銀行業
8395,佐賀銀,銀行業
8396,十八銀,銀行業
8397,沖縄銀,銀行業
8399,琉球銀,銀行業
8410,セブン銀行,銀行業
8411,みずほ,銀行業
8416,高知銀行,銀行業
8418,山口ＦＧ,銀行業
8423,アクリーティブ,その他金融業
8424,芙蓉リース,その他金融業
8425,興銀リース,その他金融業
8439,東京センチュリー,その他金融業
8473,ＳＢＩ,証券、商品先物取引業
8511,日証金,その他金融業
8515,アイフル,その他金融業
8518,アジア投資,証券、商品先物取引業
8519,ポケットＣ,その他金融業
8521,長野銀,銀行業
8522,名古屋銀,銀行業
8524,北洋銀行,銀行業
8527,愛知銀,銀行業
8529,第三銀,銀行業
8530,中京銀,銀行業
8537,大光銀,銀行業
8541,愛媛銀,銀行業
8542,トマト銀,銀行業
8543,みなと銀,銀行業
8544,京葉銀,銀行業
8545,関西ア銀,銀行業
8550,栃木銀,銀行業
8551,北日本銀,銀行業
8558,東和銀,銀行業
8562,福島銀,銀行業
8563,大東銀,銀行業
8566,リコーリース,その他金融業
8570,イオンＦＳ,その他金融業
8572,アコム,その他金融業
8584,ジャックス,その他金融業
8585,オリコ,その他金融業
8586,日立キャピ,その他金融業
8589,アプラスＦ,その他金融業
8591,オリックス,その他金融業
8593,三菱Ｕリース,その他金融業
8595,ジャフコ,証券、商品先物取引業
8600,トモニＨＤ,銀行業
8601,大和証Ｇ,証券、商品先物取引業
8604,野村,証券、商品先物取引業
8609,岡三,証券、商品先物取引業
8613,丸三証,証券、商品先物取引業
8614,東洋証,証券、商品先物取引業
8616,東海東京,証券、商品先物取引業
8617,光世証,証券、商品先物取引業
8622,水戸証,証券、商品先物取引業
8624,いちよし,証券、商品先物取引業
8628,松井証,証券、商品先物取引業
8630,ＳＯＭＰＯＨＤ,保険業
8692,だいこう,証券、商品先物取引業
8697,ＪＰＸ,その他金融業
8698,マネックスＧ,証券、商品先物取引業
8703,ＫＡＢＵ．ＣＯＭ,証券、商品先物取引業
8706,極東証券,証券、商品先物取引業
8707,岩井コスモ,証券、商品先物取引業
8708,アイザワ証,証券、商品先物取引業
8713,フィデアＨＤ,銀行業
8714,池田泉州,銀行業
8715,アニコム　ＨＤ,保険業
8725,ＭＳ＆ＡＤ,保険業
8729,ソニーＦＨ,保険業
8732,マネパＧ,証券、商品先物取引業
8742,小林洋行,証券、商品先物取引業
8750,第一生命ＨＤ,保険業
8766,東京海上,保険業
8771,Ｅギャランティ,その他金融業
8772,アサックス,その他金融業
8793,ＮＥＣキャピ,その他金融業
8795,Ｔ＆ＤＨＤ,保険業
8798,アドバンスクリエイト,保険業
8801,三井不,不動産業
8802,三菱地所,不動産業
8803,平和不,不動産業
8804,東建物,不動産業
8806,ダイビル,不動産業
8818,京阪神ビ,不動産業
8830,住友不,不動産業
8835,太平洋発,卸売業
8840,大京,不動産業
8841,テーオーシー,不動産業
8842,楽天地,不動産業
8848,レオパレス２１,不動産業
8850,スターツ,不動産業
8860,フジ住宅,不動産業
8864,空港施設,不動産業
8869,明和地所,不動産業
8871,ゴールドクレ,不動産業
8876,リログループ,サービス業
8877,エスリード,不動産業
8881,日神不,不動産業
8892,日本エスコン,不動産業
8897,タカラレーベン,不動産業
8904,サンヨーナゴヤ,不動産業
8905,イオンモール,不動産業
8917,ファースト住建,不動産業
8918,ランド,不動産業
8920,東祥,サービス業
8923,トーセイ,不動産業
8928,穴吹興産,不動産業
8933,ＮＴＴ都市,不動産業
8934,サンフロンティア,不動産業
8935,ＦＪネクスト,不動産業
8940,インテリックス,不動産業
8944,ランビジネス,不動産業
8999,グランディ,不動産業
9001,東武,陸運業
9003,相鉄ＨＤ,陸運業
9005,東急,陸運業
9006,京急,陸運業
9007,小田急,陸運業
9008,京王,陸運業
9009,京成,陸運業
9010,富士急,陸運業
9014,新京成,陸運業
9020,ＪＲ東,陸運業
9021,ＪＲ西,陸運業
9022,ＪＲ東海,陸運業
9024,西武ホールディングス,陸運業
9025,鴻池運輸,陸運業
9031,西鉄,陸運業
9037,ハマキョウ,陸運業
9039,サカイ引越,陸運業
9041,近鉄ＧＨＤ,陸運業
9042,阪急阪神,陸運業
9044,南海電鉄,陸運業
9045,京阪ＨＤ,陸運業
9046,神戸電鉄,陸運業
9048,名鉄,陸運業
9052,山陽電鉄,陸運業
9058,トランコム,倉庫・運輸関連業
9062,日通,陸運業
9064,ヤマトＨＤ,陸運業
9065,山九,陸運業
9066,日新,倉庫・運輸関連業
9067,丸運,陸運業
9068,丸全運,陸運業
9069,センコーグループＨＤ,陸運業
9070,トナミＨＤ,陸運業
9072,ニッコンＨＤ,陸運業
9074,日石輸,陸運業
9075,福山運,陸運業
9076,セイノーＨＤ,陸運業
9081,神奈中交,陸運業
9086,日立物流,陸運業
9090,丸和運輸機関,陸運業
9099,Ｃ＆ＦロジＨＤ,陸運業
9101,郵船,海運業
9104,商船三井,海運業
9107,川崎船,海運業
9110,ユナイテド海,海運業
9115,明治海,海運業
9119,飯野海,海運業
9130,共栄タンカー,海運業
9142,ＪＲ九州,陸運業
9201,ＪＡＬ,空運業
9202,ＡＮＡ,空運業
9232,パスコ,空運業
9301,三菱倉,倉庫・運輸関連業
9302,三井倉ＨＤ,倉庫・運輸関連業
9303,住友倉,倉庫・運輸関連業
9304,渋沢倉,倉庫・運輸関連業
9305,ヤマタネ,卸売業
9306,東陽倉,倉庫・運輸関連業
9308,乾汽船,海運業
9310,トランスシティ,倉庫・運輸関連業
9312,ケイヒン,倉庫・運輸関連業
9319,中央倉庫,倉庫・運輸関連業
9324,安田倉,倉庫・運輸関連業
9351,洋埠頭,倉庫・運輸関連業
9358,宇徳,倉庫・運輸関連業
9364,上組,倉庫・運輸関連業
9366,サンリツ,倉庫・運輸関連業
9368,キムラユニティー,倉庫・運輸関連業
9369,キユソ流通,倉庫・運輸関連業
9370,郵船ロジ,倉庫・運輸関連業
9375,近鉄エクス,倉庫・運輸関連業
9380,東海運,倉庫・運輸関連業
9381,エーアイテイー,倉庫・運輸関連業
9384,内外トランスライン,倉庫・運輸関連業
9401,ＴＢＳＨＤ,情報・通信業
9404,日テレＨＤ,情報・通信業
9405,朝日放送,情報・通信業
9409,テレビ朝日ＨＤ,情報・通信業
9412,スカパーＪ,情報・通信業
9413,テレ東ＨＤ,情報・通信業
9414,ＢＳ１１,情報・通信業
9416,ビジョン,情報・通信業
9418,Ｕ−ＮＥＸＴ,情報・通信業
9419,ワイヤレスゲート,情報・通信業
9422,コネクシオ,情報・通信業
9424,日本通信,情報・通信業
9428,クロップス,情報・通信業
9432,ＮＴＴ,情報・通信業
9433,ＫＤＤＩ,情報・通信業
9435,光通信,情報・通信業
9437,ＮＴＴドコモ,情報・通信業
9438,エムティーアイ,情報・通信業
9449,ＧＭＯ,情報・通信業
9466,アイドマＭＣ,情報・通信業
9468,カドカワ,情報・通信業
9470,学研ＨＤ,情報・通信業
9474,ゼンリン,情報・通信業
9475,昭文社,情報・通信業
9479,インプレス,情報・通信業
9501,東電力ＨＤ,電気・ガス業
9502,中部電力,電気・ガス業
9503,関西電力,電気・ガス業
9504,中国電力,電気・ガス業
9505,北陸電力,電気・ガス業
9506,東北電力,電気・ガス業
9507,四国電力,電気・ガス業
9508,九州電力,電気・ガス業
9509,北海電力,電気・ガス業
9511,沖縄電力,電気・ガス業
9513,Ｊパワー,電気・ガス業
9514,ＥＦ−ＯＮ,電気・ガス業
9517,イーレックス,電気・ガス業
9531,東瓦斯,電気・ガス業
9532,大瓦斯,電気・ガス業
9533,東邦瓦斯,電気・ガス業
9534,北海瓦斯,電気・ガス業
9535,広島ガス,電気・ガス業
9536,西部瓦斯,電気・ガス業
9543,静岡ガス,電気・ガス業
9551,メタウォーター,電気・ガス業
9600,アイネット,情報・通信業
9601,松竹,情報・通信業
9602,東宝,情報・通信業
9603,Ｈ．Ｉ．Ｓ．,サービス業
9605,東映,情報・通信業
9612,ラックランド,サービス業
9613,ＮＴＴデータ,情報・通信業
9616,共立メンテ,サービス業
9619,イチネンＨＤ,サービス業
9621,建設技研,サービス業
9622,スペース,サービス業
9627,アインＨＤ,小売業
9628,燦ＨＤ,サービス業
9629,ピーシーエー,情報・通信業
9632,スバル興,サービス業
9633,テアトル,サービス業
9644,タナベ経営,サービス業
9658,ビジ太田昭和,情報・通信業
9663,ナガワ,サービス業
9671,よみランド,サービス業
9672,都競馬,サービス業
9675,常磐興,サービス業
9678,カナモト,サービス業
9681,東京ドーム,サービス業
9682,ＤＴＳ,情報・通信業
9684,スクエニＨＤ,情報・通信業
9692,シーイーシー,情報・通信業
9697,カプコン,情報・通信業
9699,西尾レントオール,サービス業
9702,アイエスビー,情報・通信業
9704,アゴーラＨＧ,サービス業
9706,日空ビル,不動産業
9715,トランスコスモス,サービス業
9716,乃村工芸,サービス業
9717,ジャステック,情報・通信業
9719,ＳＣＳＫ,情報・通信業
9722,藤田観,サービス業
9726,ＫＮＴＣＴ,サービス業
9728,日本管財,サービス業
9729,トーカイ,サービス業
9731,白洋舎,サービス業
9735,セコム,サービス業
9739,ＮＳＷ,情報・通信業
9740,ＣＳＰ,サービス業
9742,アイネス,情報・通信業
9743,丹青社,サービス業
9744,メイテック,サービス業
9746,ＴＫＣ,情報・通信業
9747,アサツーＤＫ,サービス業
9749,富士ソフト,情報・通信業
9755,応用地質,サービス業
9757,船井総研ＨＤ,サービス業
9759,ＮＳＤ,情報・通信業
9760,進学会,サービス業
9763,丸紅リース,卸売業
9765,オオバ,サービス業
9766,コナミ　ＨＤ,情報・通信業
9768,いであ,サービス業
9769,学究社,サービス業
9783,ベネッセＨＤ,サービス業
9787,イオンディライ,サービス業
9788,ナック,サービス業
9790,福井コンピ,情報・通信業
9792,ニチイ学館,サービス業
9793,ダイセキ,サービス業
9795,ステップ,サービス業
9810,日鉄住金物産,卸売業
9828,元気寿司,小売業
9830,トラスコ中山,卸売業
9831,ヤマダ電機,小売業
9832,オートバックス,卸売業
9837,モリト,卸売業
9842,アークランド,小売業
9843,ニトリＨＤ,小売業
9850,グルメ杵屋,小売業
9854,愛眼,小売業
9856,ケーユーＨＤ,小売業
9861,吉野家ＨＤ,小売業
9869,加藤産業,卸売業
9880,イノテック,卸売業
9882,イエローハット,卸売業
9887,松屋フーズ,小売業
9889,ＪＢＣＣ　ＨＤ,情報・通信業
9896,ＪＫＨＤ,卸売業
9900,サガミチェーン,小売業
9902,日伝,卸売業
9919,関西スーパ,小売業
9928,ミロク情報,情報・通信業
9930,北沢産業,卸売業
9932,杉本商事,卸売業
9934,因幡電産,卸売業
9936,王将フード,小売業
9945,プレナス,小売業
9946,ミニストップ,小売業
9948,アークス,小売業
9956,バローＨＤ,小売業
9957,バイテックＨＤ,卸売業
9962,ミスミＧ,卸売業
9966,藤久,小売業
9972,アルテック,卸売業
9974,ベルク,小売業
9979,大庄,小売業
9982,タキヒヨー,卸売業
9983,ファーストリテ,小売業
9984,ソフトバンクグループ,情報・通信業
9986,蔵王産業,卸売業
9987,スズケン,卸売業
9989,サンドラッグ,小売業
9990,サックスバーＨＤ,小売業
9991,ジェコス,卸売業
9993,ヤマザワ,小売業
9994,やまや,小売業
9995,イーストン,卸売業
9997,ベルーナ,小売業
